RESNUM,RESNAME,H_X,H_Y,H_BEST_REF_SCORE,H_BEST_REF_COV,H_BEST_REF_MATCH,H_UCBShift,HA_X,HA_Y,HA_BEST_REF_SCORE,HA_BEST_REF_COV,HA_BEST_REF_MATCH,HA_UCBShift,C_X,C_Y,C_BEST_REF_SCORE,C_BEST_REF_COV,C_BEST_REF_MATCH,C_UCBShift,CA_X,CA_Y,CA_BEST_REF_SCORE,CA_BEST_REF_COV,CA_BEST_REF_MATCH,CA_UCBShift,CB_X,CB_Y,CB_BEST_REF_SCORE,CB_BEST_REF_COV,CB_BEST_REF_MATCH,CB_UCBShift,N_X,N_Y,N_BEST_REF_SCORE,N_BEST_REF_COV,N_BEST_REF_MATCH,N_UCBShift
28,ARG,8.37968510995671,,0,0,0,8.37968510995671,4.3773486162504165,,0,0,0,4.3773486162504165,173.4043164807193,,0,0,0,173.4043164807193,55.7227909039183,,0,0,0,55.7227909039183,30.959140936208236,,0,0,0,30.959140936208236,121.99897691210457,,0,0,0,121.99897691210457
29,ARG,8.417676633433233,,0,0,0,8.417676633433233,4.576039633744034,,0,0,0,4.576039633744034,175.74373536158842,,0,0,0,175.74373536158842,56.009394654645355,,0,0,0,56.009394654645355,30.843565248235098,,0,0,0,30.843565248235098,123.5624303496559,,0,0,0,123.5624303496559
30,CYS,8.968018950582751,,0,0,0,8.968018950582751,4.540575436371961,,0,0,0,4.540575436371961,175.80545642229993,,0,0,0,175.80545642229993,57.940162875008326,,0,0,0,57.940162875008326,28.216724742229992,,0,0,0,28.216724742229992,121.81970677278832,,0,0,0,121.81970677278832
31,LEU,8.65327801000666,,0,0,0,8.65327801000666,3.981796506651682,,0,0,0,3.981796506651682,177.9326704179598,,0,0,0,177.9326704179598,56.791311024553224,,0,0,0,56.791311024553224,41.604508629265176,,0,0,0,41.604508629265176,123.4684161414197,,0,0,0,123.4684161414197
32,PHE,7.325747615512267,,0,0,0,7.325747615512267,4.361687702236652,,0,0,0,4.361687702236652,177.21961083271174,,0,0,0,177.21961083271174,59.69218915520591,,0,0,0,59.69218915520591,38.694565573765125,,0,0,0,38.694565573765125,116.77422630648795,,0,0,0,116.77422630648795
33,LEU,8.416490333111334,,0,0,0,8.416490333111334,3.9733307883671887,,0,0,0,3.9733307883671887,178.1151055565046,,0,0,0,178.1151055565046,57.498159925424574,,0,0,0,57.498159925424574,42.22792601554556,,0,0,0,42.22792601554556,121.06666322090132,,0,0,0,121.06666322090132
34,SER,8.003418870507272,,0,0,0,8.003418870507272,4.356759974331224,,0,0,0,4.356759974331224,176.50211375416805,,0,0,0,176.50211375416805,60.74410183291708,,0,0,0,60.74410183291708,63.31077308930514,,0,0,0,63.31077308930514,114.28814733581419,,0,0,0,114.28814733581419
35,LEU,7.630825078898879,,0,0,0,7.630825078898879,4.237803590628816,,0,0,0,4.237803590628816,178.57157578428237,,0,0,0,178.57157578428237,57.322475486435785,,0,0,0,57.322475486435785,41.73767657532468,,0,0,0,41.73767657532468,123.65152240492284,,0,0,0,123.65152240492284
36,PHE,8.428403806315908,,0,0,0,8.428403806315908,4.365451016894217,,0,0,0,4.365451016894217,176.7364767952048,,0,0,0,176.7364767952048,58.56625478355534,,0,0,0,58.56625478355534,39.21030996909202,,0,0,0,39.21030996909202,119.02600643114107,,0,0,0,119.02600643114107
37,SER,7.921199683216784,,0,0,0,7.921199683216784,4.156843905991231,,0,0,0,4.156843905991231,175.7234017003219,,0,0,0,175.7234017003219,60.6422326561716,,0,0,0,60.6422326561716,63.23766769073704,,0,0,0,63.23766769073704,116.07684458337218,,0,0,0,116.07684458337218
38,PHE,7.8221836527472535,,0,0,0,7.8221836527472535,4.21688700467033,,0,0,0,4.21688700467033,177.74465547208902,,0,0,0,177.74465547208902,60.30526966779332,,0,0,0,60.30526966779332,38.68254340320235,,0,0,0,38.68254340320235,121.76208510092685,,0,0,0,121.76208510092685
39,LEU,7.546047732223332,,0,0,0,7.546047732223332,3.9161098502109,,0,0,0,3.9161098502109,178.5164892999112,,0,0,0,178.5164892999112,57.02828353225108,,0,0,0,57.02828353225108,41.525663866222665,,0,0,0,41.525663866222665,118.81549111081141,,0,0,0,118.81549111081141
40,ILE,7.133884846842046,,0,0,0,7.133884846842046,3.7526075729797976,,0,0,0,3.7526075729797976,177.6499340981352,,0,0,0,177.6499340981352,63.63372052032412,,0,0,0,63.63372052032412,38.08525278721834,,0,0,0,38.08525278721834,117.95973796698857,,0,0,0,117.95973796698857
41,VAL,7.837482828438228,,0,0,0,7.837482828438228,3.8203293387168387,,0,0,0,3.8203293387168387,177.6549217559829,,0,0,0,177.6549217559829,65.05874203485959,,0,0,0,65.05874203485959,31.712008585009436,,0,0,0,31.712008585009436,118.35069626396937,,0,0,0,118.35069626396937
42,ALA,8.095410482162283,,0,0,0,8.095410482162283,4.171698627455878,,0,0,0,4.171698627455878,180.27771318388278,,0,0,0,180.27771318388278,55.08489787925963,,0,0,0,55.08489787925963,18.51958798903874,,0,0,0,18.51958798903874,124.36886451819846,,0,0,0,124.36886451819846
43,GLY,7.926486424592074,,0,0,0,7.926486424592074,3.8966435335914094,,0,0,0,3.8966435335914094,175.6662265365246,,0,0,0,175.6662265365246,46.37526976379176,,0,0,0,46.37526976379176,,,0,0,0,,104.87716879262959,,0,0,0,104.87716879262959
44,ALA,7.9456977746697754,,0,0,0,7.9456977746697754,4.25186266465479,,0,0,0,4.25186266465479,179.163223729687,,0,0,0,179.163223729687,54.33635324166389,,0,0,0,54.33635324166389,18.71149994740815,,0,0,0,18.71149994740815,124.03662982027971,,0,0,0,124.03662982027971
45,THR,8.51867257933178,,0,0,0,8.51867257933178,4.194610203582529,,0,0,0,4.194610203582529,176.51052134150294,,0,0,0,176.51052134150294,65.227071196559,,0,0,0,65.227071196559,68.38900580707626,,0,0,0,68.38900580707626,112.94337324658675,,0,0,0,112.94337324658675
46,THR,7.995852964035964,,0,0,0,7.995852964035964,4.035015705727606,,0,0,0,4.035015705727606,175.97630220899654,,0,0,0,175.97630220899654,65.75193284284605,,0,0,0,65.75193284284605,68.2071566374237,,0,0,0,68.2071566374237,118.87375833288934,,0,0,0,118.87375833288934
47,LEU,7.826707182145633,,0,0,0,7.826707182145633,4.034656837110112,,0,0,0,4.034656837110112,178.10438784271838,,0,0,0,178.10438784271838,57.72261201776557,,0,0,0,57.72261201776557,41.67406033580863,,0,0,0,41.67406033580863,123.2940948033078,,0,0,0,123.2940948033078
48,PHE,7.839284830458431,,0,0,0,7.839284830458431,4.1258268211677205,,0,0,0,4.1258268211677205,177.9592320505994,,0,0,0,177.9592320505994,60.91474092341547,,0,0,0,60.91474092341547,39.17524216126651,,0,0,0,39.17524216126651,116.19310664461649,,0,0,0,116.19310664461649
49,CYS,8.452146525607725,,0,0,0,8.452146525607725,4.2265472977328225,,0,0,0,4.2265472977328225,176.75920233623597,,0,0,0,176.75920233623597,61.49981828240649,,0,0,0,61.49981828240649,27.129920639710292,,0,0,0,27.129920639710292,117.88265076177156,,0,0,0,117.88265076177156
50,LEU,8.016642723043622,,0,0,0,8.016642723043622,4.094569386846487,,0,0,0,4.094569386846487,178.62637756529026,,0,0,0,178.62637756529026,58.06216190037185,,0,0,0,58.06216190037185,42.04439223771784,,0,0,0,42.04439223771784,121.37150146852036,,0,0,0,121.37150146852036
51,LEU,7.801058404773005,,0,0,0,7.801058404773005,4.087735447177822,,0,0,0,4.087735447177822,178.82079642551892,,0,0,0,178.82079642551892,56.77659545413476,,0,0,0,56.77659545413476,41.325252882789435,,0,0,0,41.325252882789435,117.98317527256077,,0,0,0,117.98317527256077
52,HIS,7.834859822849374,,0,0,0,7.834859822849374,4.398928277017427,,0,0,0,4.398928277017427,176.3793316918526,,0,0,0,176.3793316918526,57.85411671535686,,0,0,0,57.85411671535686,30.01629878137973,,0,0,0,30.01629878137973,116.79778538860585,,0,0,0,116.79778538860585
53,PHE,7.765651989577091,,0,0,0,7.765651989577091,4.42074581526529,,0,0,0,4.42074581526529,176.47647265719283,,0,0,0,176.47647265719283,59.14590463807304,,0,0,0,59.14590463807304,40.15786921149407,,0,0,0,40.15786921149407,118.92136269353979,,0,0,0,118.92136269353979
54,GLY,7.830121891391941,,0,0,0,7.830121891391941,4.004046422197248,,0,0,0,4.004046422197248,174.76130425074925,,0,0,0,174.76130425074925,45.27674076797647,,0,0,0,45.27674076797647,,,0,0,0,,107.20036012274392,,0,0,0,107.20036012274392
55,VAL,7.551278912609613,,0,0,0,7.551278912609613,4.050200023565323,,0,0,0,4.050200023565323,175.36224598666888,,0,0,0,175.36224598666888,62.381327261738264,,0,0,0,62.381327261738264,31.265500431990233,,0,0,0,31.265500431990233,121.04599692960929,,0,0,0,121.04599692960929
56,ILE,7.8003386860694865,,0,0,0,7.8003386860694865,4.235377638331114,,0,0,0,4.235377638331114,175.8674578282884,,0,0,0,175.8674578282884,60.9190542469697,,0,0,0,60.9190542469697,38.11502319388389,,0,0,0,38.11502319388389,124.36345984041515,,0,0,0,124.36345984041515
57,GLY,8.030585421434122,,0,0,0,8.030585421434122,4.1837421626318125,,0,0,0,4.1837421626318125,173.68670139018758,,0,0,0,173.68670139018758,45.029112666761016,,0,0,0,45.029112666761016,,,0,0,0,,113.88858621905871,,0,0,0,113.88858621905871
58,PRO,,,0,0,0,,4.477181090897991,,0,0,0,4.477181090897991,177.2022190239261,,0,0,0,177.2022190239261,63.53382943463203,,0,0,0,63.53382943463203,32.17017702016317,,0,0,0,32.17017702016317,,,0,0,0,
59,GLN,8.377489513197913,,0,0,0,8.377489513197913,4.1723698736874235,,0,0,0,4.1723698736874235,175.5422711001776,,0,0,0,175.5422711001776,56.03597823344989,,0,0,0,56.03597823344989,29.142431898196246,,0,0,0,29.142431898196246,119.43675054010988,,0,0,0,119.43675054010988
60,ARG,8.068803296453547,,0,0,0,8.068803296453547,4.224969904034854,,0,0,0,4.224969904034854,177.44753287569654,,0,0,0,177.44753287569654,56.816672775280274,,0,0,0,56.816672775280274,31.142777645526696,,0,0,0,31.142777645526696,124.88349032327672,,0,0,0,124.88349032327672
